[
  {
    "_id": "5e14a22c9159f55e44e3a67f",
    "index": 0,
    "guid": "ff77ac38-4e5a-47a2-9cf2-fef9ed454b38",
    "isActive": false,
    "balance": "$2,125.26",
    "picture": "http://placehold.it/32x32",
    "age": 39,
    "eyeColor": "green",
    "name": "Blanchard Meadows",
    "gender": "male",
    "company": "KINETICUT",
    "email": "blanchardmeadows@kineticut.com",
    "phone": "+1 (821) 418-2209",
    "address": "851 Humboldt Street, Cartwright, American Samoa, 3728",
    "about": "Ipsum tempor fugiat fugiat ad culpa aliquip aliqua et nulla consequat voluptate. Est deserunt magna quis culpa pariatur adipisicing incididunt. Aliqua quis amet laborum anim tempor.\r\n",
    "registered": "2018-10-03T02:03:10 +07:00",
    "latitude": -8.151912,
    "longitude": -8.301975,
    "tags": [
      "mollit",
      "adipisicing",
      "dolore",
      "aliquip",
      "mollit",
      "eiusmod",
      "proident"
    ],
    "friends": [
      {
        "id": 0,
        "name": "Gwen Golden"
      },
      {
        "id": 1,
        "name": "Ana Cardenas"
      },
      {
        "id": 2,
        "name": "Georgia Sandoval"
      }
    ],
    "greeting": "Hello, Blanchard Meadows! You have 4 unread messages.",
    "favoriteFruit": "apple"
  },
  {
    "_id": "5e14a22ce134414a12a816bd",
    "index": 1,
    "guid": "7b3e7377-8ee6-4ee7-b71d-77aba3af28d2",
    "isActive": true,
    "balance": "$1,964.36",
    "picture": "http://placehold.it/32x32",
    "age": 21,
    "eyeColor": "green",
    "name": "Bailey Dillard",
    "gender": "male",
    "company": "LUNCHPOD",
    "email": "baileydillard@lunchpod.com",
    "phone": "+1 (943) 462-3460",
    "address": "752 Butler Street, Oretta, Pennsylvania, 5042",
    "about": "Ipsum eu labore est incididunt id commodo aliquip ullamco ex aute sunt dolore in. Cupidatat do tempor proident anim ut mollit deserunt cillum. Dolor tempor ut Lorem minim fugiat non aliquip ipsum sit do deserunt anim exercitation consectetur.\r\n",
    "registered": "2017-02-25T10:37:00 +07:00",
    "latitude": 16.188448,
    "longitude": 65.966726,
    "tags": [
      "nostrud",
      "et",
      "laboris",
      "irure",
      "eu",
      "occaecat",
      "occaecat"
    ],
    "friends": [
      {
        "id": 0,
        "name": "Josefa Mcfadden"
      },
      {
        "id": 1,
        "name": "Sharlene Valdez"
      },
      {
        "id": 2,
        "name": "Trudy Benton"
      }
    ],
    "greeting": "Hello, Bailey Dillard! You have 7 unread messages.",
    "favoriteFruit": "banana"
  },
  {
    "_id": "5e14a22cbb012cc150dc32ae",
    "index": 2,
    "guid": "ea2cc249-132f-4544-94f5-3b256e8273d9",
    "isActive": true,
    "balance": "$1,086.30",
    "picture": "http://placehold.it/32x32",
    "age": 23,
    "eyeColor": "green",
    "name": "Tamika Winters",
    "gender": "female",
    "company": "RODEMCO",
    "email": "tamikawinters@rodemco.com",
    "phone": "+1 (808) 425-3468",
    "address": "978 Seba Avenue, Jacksonburg, Kansas, 8876",
    "about": "Duis duis dolor exercitation non nostrud sit tempor qui excepteur consectetur enim fugiat duis culpa. Labore anim nisi nostrud pariatur qui sunt nisi excepteur veniam ipsum consectetur ex. Sunt ut reprehenderit adipisicing culpa dolor sit.\r\n",
    "registered": "2015-04-25T02:25:59 +07:00",
    "latitude": -41.870727,
    "longitude": 46.975457,
    "tags": [
      "Lorem",
      "fugiat",
      "aute",
      "amet",
      "cillum",
      "amet",
      "ex"
    ],
    "friends": [
      {
        "id": 0,
        "name": "Roberson Fischer"
      },
      {
        "id": 1,
        "name": "Daugherty Simpson"
      },
      {
        "id": 2,
        "name": "Hillary Holder"
      }
    ],
    "greeting": "Hello, Tamika Winters! You have 7 unread messages.",
    "favoriteFruit": "apple"
  },
  {
    "_id": "5e14a22c642b1ce7be0aa86b",
    "index": 3,
    "guid": "74405b47-9aa1-4015-a096-621535f90c01",
    "isActive": true,
    "balance": "$1,881.06",
    "picture": "http://placehold.it/32x32",
    "age": 31,
    "eyeColor": "blue",
    "name": "Chrystal Robertson",
    "gender": "female",
    "company": "COMBOGEN",
    "email": "chrystalrobertson@combogen.com",
    "phone": "+1 (994) 497-2894",
    "address": "870 Gaylord Drive, Bedias, Oklahoma, 5957",
    "about": "Sit proident et eu et in eiusmod reprehenderit eiusmod occaecat voluptate adipisicing labore non sint. Sunt consectetur veniam ut aliquip dolore excepteur sint ea eiusmod qui proident. Amet velit excepteur dolore consequat cillum Lorem. Proident esse laboris consequat labore fugiat deserunt eu commodo. Enim enim do duis amet laboris consequat magna minim pariatur. Occaecat ipsum adipisicing ipsum nisi nostrud id occaecat. Consectetur sint adipisicing ipsum anim aliqua amet elit veniam.\r\n",
    "registered": "2017-09-11T07:24:55 +07:00",
    "latitude": -71.348365,
    "longitude": 174.59618,
    "tags": [
      "Lorem",
      "incididunt",
      "aliquip",
      "laborum",
      "duis",
      "officia",
      "culpa"
    ],
    "friends": [
      {
        "id": 0,
        "name": "Haley Castillo"
      },
      {
        "id": 1,
        "name": "Leonard Buck"
      },
      {
        "id": 2,
        "name": "Kristin Salinas"
      }
    ],
    "greeting": "Hello, Chrystal Robertson! You have 7 unread messages.",
    "favoriteFruit": "strawberry"
  },
  {
    "_id": "5e14a22cd0a7ec27f90e1b51",
    "index": 4,
    "guid": "959a9c36-5e43-45a6-ae9a-a0a71ea87fb1",
    "isActive": false,
    "balance": "$3,050.80",
    "picture": "http://placehold.it/32x32",
    "age": 30,
    "eyeColor": "brown",
    "name": "Lydia Lynn",
    "gender": "female",
    "company": "GENESYNK",
    "email": "lydialynn@genesynk.com",
    "phone": "+1 (833) 507-2393",
    "address": "476 Manor Court, Accoville, New York, 9552",
    "about": "Eiusmod consequat cupidatat fugiat non sit ullamco et sunt ipsum incididunt eiusmod. Exercitation magna veniam magna non qui tempor ullamco voluptate eu. Amet sint amet ullamco eu esse fugiat occaecat non aliqua ut. Culpa sint deserunt in cupidatat eiusmod ex.\r\n",
    "registered": "2014-08-26T02:20:55 +07:00",
    "latitude": -25.822231,
    "longitude": -60.864078,
    "tags": [
      "ullamco",
      "dolore",
      "excepteur",
      "dolore",
      "enim",
      "mollit",
      "incididunt"
    ],
    "friends": [
      {
        "id": 0,
        "name": "Lottie Rocha"
      },
      {
        "id": 1,
        "name": "Patrice Ortiz"
      },
      {
        "id": 2,
        "name": "Kinney Duffy"
      }
    ],
    "greeting": "Hello, Lydia Lynn! You have 1 unread messages.",
    "favoriteFruit": "strawberry"
  },
  {
    "_id": "5e14a22c82658e0047b11a7b",
    "index": 5,
    "guid": "d40b58aa-e6ad-4e85-a820-e8595abdbf21",
    "isActive": false,
    "balance": "$3,435.15",
    "picture": "http://placehold.it/32x32",
    "age": 27,
    "eyeColor": "blue",
    "name": "Burch Lyons",
    "gender": "male",
    "company": "PLAYCE",
    "email": "burchlyons@playce.com",
    "phone": "+1 (802) 545-2714",
    "address": "751 Bushwick Court, Tyro, Missouri, 8917",
    "about": "Quis ullamco occaecat qui culpa irure. Eiusmod est nulla id excepteur tempor ex excepteur in quis quis. Aliqua ipsum Lorem sit consectetur nostrud irure ex. Fugiat Lorem eu proident fugiat consectetur magna consequat aute. Sit nisi ad commodo consectetur do dolor nisi proident magna anim. Mollit veniam labore commodo proident dolore qui.\r\n",
    "registered": "2016-10-11T10:37:38 +07:00",
    "latitude": -72.923315,
    "longitude": -10.656003,
    "tags": [
      "anim",
      "do",
      "cillum",
      "eu",
      "labore",
      "voluptate",
      "non"
    ],
    "friends": [
      {
        "id": 0,
        "name": "Rena Bradley"
      },
      {
        "id": 1,
        "name": "Hansen Lester"
      },
      {
        "id": 2,
        "name": "Helen Romero"
      }
    ],
    "greeting": "Hello, Burch Lyons! You have 3 unread messages.",
    "favoriteFruit": "apple"
  },
  {
    "_id": "5e14a22ccf461e0c34c5bcbb",
    "index": 6,
    "guid": "a7b2f7f3-2c7c-4ba5-a2c0-3dc104869f1d",
    "isActive": true,
    "balance": "$1,078.59",
    "picture": "http://placehold.it/32x32",
    "age": 27,
    "eyeColor": "green",
    "name": "Cochran Dale",
    "gender": "male",
    "company": "BRAINQUIL",
    "email": "cochrandale@brainquil.com",
    "phone": "+1 (954) 566-3513",
    "address": "748 Pineapple Street, Balm, Federated States Of Micronesia, 789",
    "about": "Tempor non cupidatat sunt amet eu anim voluptate labore sit in dolor voluptate. Irure aliquip ipsum officia enim exercitation occaecat sint. Veniam cillum elit voluptate ex. Ad tempor aute in sit tempor voluptate sit duis.\r\n",
    "registered": "2019-06-17T09:01:09 +07:00",
    "latitude": -56.701112,
    "longitude": 126.474096,
    "tags": [
      "ut",
      "adipisicing",
      "cupidatat",
      "incididunt",
      "sint",
      "consequat",
      "velit"
    ],
    "friends": [
      {
        "id": 0,
        "name": "Loraine Campbell"
      },
      {
        "id": 1,
        "name": "Avila Mckinney"
      },
      {
        "id": 2,
        "name": "Knight Gilmore"
      }
    ],
    "greeting": "Hello, Cochran Dale! You have 4 unread messages.",
    "favoriteFruit": "apple"
  },
  {
    "_id": "5e14a22c9ddf5ab4b417ffaf",
    "index": 7,
    "guid": "14a7df5a-523f-4298-9054-42359a279370",
    "isActive": true,
    "balance": "$2,702.62",
    "picture": "http://placehold.it/32x32",
    "age": 32,
    "eyeColor": "blue",
    "name": "Gilbert Andrews",
    "gender": "male",
    "company": "PEARLESSA",
    "email": "gilbertandrews@pearlessa.com",
    "phone": "+1 (875) 595-2439",
    "address": "387 Delevan Street, Outlook, Rhode Island, 1378",
    "about": "Laborum nostrud nulla nulla ex consequat nisi Lorem ea dolore velit dolor commodo. Occaecat elit commodo ipsum occaecat. Dolor duis dolor commodo aliquip laboris dolor consequat. Ea est irure amet do amet aute laboris commodo. Duis velit tempor veniam dolor Lorem. Duis ipsum Lorem Lorem quis nisi excepteur laboris officia eu nisi nulla proident in ad.\r\n",
    "registered": "2017-01-05T04:18:31 +07:00",
    "latitude": 7.258656,
    "longitude": -64.504988,
    "tags": [
      "nisi",
      "exercitation",
      "excepteur",
      "aliqua",
      "ad",
      "laboris",
      "occaecat"
    ],
    "friends": [
      {
        "id": 0,
        "name": "Charles Owen"
      },
      {
        "id": 1,
        "name": "Frances Hammond"
      },
      {
        "id": 2,
        "name": "Barrett Mullen"
      }
    ],
    "greeting": "Hello, Gilbert Andrews! You have 5 unread messages.",
    "favoriteFruit": "strawberry"
  },
  {
    "_id": "5e14a22c684c9d6b7276b0a5",
    "index": 8,
    "guid": "85d3860b-fbf0-41d6-bbf6-d3d2c980f10b",
    "isActive": true,
    "balance": "$3,101.73",
    "picture": "http://placehold.it/32x32",
    "age": 23,
    "eyeColor": "brown",
    "name": "Stacie Good",
    "gender": "female",
    "company": "AFFLUEX",
    "email": "staciegood@affluex.com",
    "phone": "+1 (803) 595-3705",
    "address": "111 Keap Street, Rockingham, South Dakota, 5325",
    "about": "Cupidatat ipsum amet laboris deserunt veniam ullamco officia quis incididunt occaecat officia adipisicing. Eiusmod tempor aliquip quis adipisicing et ea esse veniam consectetur proident pariatur esse consequat voluptate. Culpa exercitation Lorem consectetur duis cupidatat ea reprehenderit anim fugiat cillum fugiat proident. Exercitation incididunt aute eu id laborum irure amet deserunt incididunt elit sit. Aliqua aute ipsum nisi Lorem aliqua tempor deserunt.\r\n",
    "registered": "2018-09-12T11:05:29 +07:00",
    "latitude": 2.107586,
    "longitude": 24.656679,
    "tags": [
      "dolor",
      "tempor",
      "irure",
      "eu",
      "exercitation",
      "veniam",
      "dolore"
    ],
    "friends": [
      {
        "id": 0,
        "name": "Kendra Chase"
      },
      {
        "id": 1,
        "name": "Nelson Nielsen"
      },
      {
        "id": 2,
        "name": "Fannie Deleon"
      }
    ],
    "greeting": "Hello, Stacie Good! You have 3 unread messages.",
    "favoriteFruit": "apple"
  },
  {
    "_id": "5e14a22ca48fd32d3075ec54",
    "index": 9,
    "guid": "0e099fb2-f940-4cb9-9228-9523008351b3",
    "isActive": true,
    "balance": "$3,599.58",
    "picture": "http://placehold.it/32x32",
    "age": 26,
    "eyeColor": "brown",
    "name": "Kathrine Mullins",
    "gender": "female",
    "company": "EVIDENDS",
    "email": "kathrinemullins@evidends.com",
    "phone": "+1 (853) 436-2141",
    "address": "975 School Lane, Woodlands, Kentucky, 7678",
    "about": "Lorem cupidatat exercitation sunt amet dolore cillum do quis dolore. Enim sit magna qui velit consectetur voluptate elit proident est eu. Consequat dolore irure cillum consectetur ex commodo aliqua eu anim minim. Irure irure ea laboris nostrud ipsum eiusmod qui irure sint.\r\n",
    "registered": "2019-07-28T03:58:07 +07:00",
    "latitude": -79.842782,
    "longitude": -108.479666,
    "tags": [
      "pariatur",
      "culpa",
      "sunt",
      "aliqua",
      "quis",
      "velit",
      "aliquip"
    ],
    "friends": [
      {
        "id": 0,
        "name": "James Horton"
      },
      {
        "id": 1,
        "name": "Deanna Gates"
      },
      {
        "id": 2,
        "name": "Dickerson Francis"
      }
    ],
    "greeting": "Hello, Kathrine Mullins! You have 2 unread messages.",
    "favoriteFruit": "apple"
  },
  {
    "_id": "5e14a22c91523b26693eac01",
    "index": 10,
    "guid": "8beb61df-c9ce-4969-a1b1-d3b6054078d7",
    "isActive": true,
    "balance": "$2,202.84",
    "picture": "http://placehold.it/32x32",
    "age": 23,
    "eyeColor": "blue",
    "name": "Daisy Burns",
    "gender": "female",
    "company": "KIDSTOCK",
    "email": "daisyburns@kidstock.com",
    "phone": "+1 (919) 457-2548",
    "address": "639 Cadman Plaza, Fontanelle, North Dakota, 5860",
    "about": "Labore et elit esse ut eiusmod non amet. Minim magna fugiat amet ex. Duis quis veniam sit exercitation velit do aliquip quis anim excepteur amet. Commodo in elit tempor consequat do occaecat reprehenderit est mollit qui ad. In elit occaecat ipsum dolore adipisicing sint tempor elit amet dolore ex ipsum. Ea laborum in irure fugiat mollit amet ex. Enim pariatur et dolore Lorem cupidatat aliquip qui fugiat irure pariatur veniam eu ex occaecat.\r\n",
    "registered": "2016-06-28T06:46:04 +07:00",
    "latitude": 87.521078,
    "longitude": -170.134418,
    "tags": [
      "culpa",
      "eu",
      "ex",
      "fugiat",
      "pariatur",
      "laborum",
      "cupidatat"
    ],
    "friends": [
      {
        "id": 0,
        "name": "Dana Flowers"
      },
      {
        "id": 1,
        "name": "Hammond Sampson"
      },
      {
        "id": 2,
        "name": "Darlene Rodgers"
      }
    ],
    "greeting": "Hello, Daisy Burns! You have 3 unread messages.",
    "favoriteFruit": "banana"
  },
  {
    "_id": "5e14a22c8467462af7329c09",
    "index": 11,
    "guid": "04bbde97-ea0f-4770-94ce-65e13db80e26",
    "isActive": false,
    "balance": "$1,650.21",
    "picture": "http://placehold.it/32x32",
    "age": 20,
    "eyeColor": "green",
    "name": "Sarah Noble",
    "gender": "female",
    "company": "FIBRODYNE",
    "email": "sarahnoble@fibrodyne.com",
    "phone": "+1 (822) 575-2851",
    "address": "562 Garden Place, Freelandville, Vermont, 4420",
    "about": "Cillum irure laborum ullamco culpa eu eu. Lorem do cupidatat qui cillum dolor quis reprehenderit. In excepteur laborum consequat pariatur mollit nostrud sunt laboris aute dolor ipsum minim dolore. Veniam ea qui ad consectetur mollit laboris in fugiat magna. Laborum reprehenderit fugiat eu labore.\r\n",
    "registered": "2017-10-31T06:58:19 +07:00",
    "latitude": 32.142147,
    "longitude": 163.033082,
    "tags": [
      "laborum",
      "ea",
      "duis",
      "velit",
      "nulla",
      "sit",
      "do"
    ],
    "friends": [
      {
        "id": 0,
        "name": "Dixie Lee"
      },
      {
        "id": 1,
        "name": "Florence Collier"
      },
      {
        "id": 2,
        "name": "Barrera Ingram"
      }
    ],
    "greeting": "Hello, Sarah Noble! You have 8 unread messages.",
    "favoriteFruit": "banana"
  },
  {
    "_id": "5e14a22c172300c4ada283f0",
    "index": 12,
    "guid": "269ee3ec-fcd9-424d-aba3-541c45e08931",
    "isActive": false,
    "balance": "$3,986.12",
    "picture": "http://placehold.it/32x32",
    "age": 33,
    "eyeColor": "blue",
    "name": "Paula Phelps",
    "gender": "female",
    "company": "DIGIGENE",
    "email": "paulaphelps@digigene.com",
    "phone": "+1 (844) 519-3114",
    "address": "442 Monitor Street, Blodgett, Alaska, 533",
    "about": "Voluptate sunt consequat non est anim commodo ex. Tempor sint veniam qui dolor qui voluptate ad esse proident ut aliqua. Culpa proident qui velit labore consectetur minim consequat cupidatat ad pariatur irure nostrud do exercitation.\r\n",
    "registered": "2017-06-16T09:12:31 +07:00",
    "latitude": 47.884173,
    "longitude": 18.227882,
    "tags": [
      "Lorem",
      "in",
      "est",
      "elit",
      "sint",
      "qui",
      "dolor"
    ],
    "friends": [
      {
        "id": 0,
        "name": "Justice Willis"
      },
      {
        "id": 1,
        "name": "Brooks Barron"
      },
      {
        "id": 2,
        "name": "Daniels Holmes"
      }
    ],
    "greeting": "Hello, Paula Phelps! You have 4 unread messages.",
    "favoriteFruit": "strawberry"
  },
  {
    "_id": "5e14a22ce372669348c6d900",
    "index": 13,
    "guid": "7882f40e-6493-4033-a487-fd6412f75dd0",
    "isActive": false,
    "balance": "$1,324.35",
    "picture": "http://placehold.it/32x32",
    "age": 39,
    "eyeColor": "green",
    "name": "Nora Houston",
    "gender": "female",
    "company": "ENTHAZE",
    "email": "norahouston@enthaze.com",
    "phone": "+1 (924) 502-2635",
    "address": "683 Roosevelt Court, Manila, Colorado, 401",
    "about": "Dolore dolore proident dolor proident dolore. Occaecat aute mollit cupidatat cupidatat velit minim Lorem. Ad fugiat enim adipisicing sint consequat in ullamco eu nostrud officia id voluptate id. Proident aliqua dolore aliqua nulla cupidatat est sit incididunt veniam pariatur qui.\r\n",
    "registered": "2017-06-13T05:21:42 +07:00",
    "latitude": -55.299676,
    "longitude": 144.383874,
    "tags": [
      "ullamco",
      "commodo",
      "aute",
      "nostrud",
      "sunt",
      "aliquip",
      "commodo"
    ],
    "friends": [
      {
        "id": 0,
        "name": "Schneider Pope"
      },
      {
        "id": 1,
        "name": "Paul Fitzgerald"
      },
      {
        "id": 2,
        "name": "Amalia Larson"
      }
    ],
    "greeting": "Hello, Nora Houston! You have 7 unread messages.",
    "favoriteFruit": "strawberry"
  },
  {
    "_id": "5e14a22ce0242225cc8df7e6",
    "index": 14,
    "guid": "8286068f-bc9a-4050-a3d5-400f370da333",
    "isActive": true,
    "balance": "$2,750.59",
    "picture": "http://placehold.it/32x32",
    "age": 29,
    "eyeColor": "green",
    "name": "Garza Page",
    "gender": "male",
    "company": "PLUTORQUE",
    "email": "garzapage@plutorque.com",
    "phone": "+1 (836) 578-3093",
    "address": "718 Emerald Street, Fairforest, Puerto Rico, 7542",
    "about": "In mollit cupidatat dolore dolor culpa elit consectetur cillum enim mollit et nulla. Ad aute esse laboris et Lorem eu minim. Qui culpa ut culpa dolor aute ad incididunt esse enim fugiat. Minim aute elit amet nulla nulla minim voluptate occaecat enim id pariatur. Veniam est dolor ullamco officia labore.\r\n",
    "registered": "2015-09-24T08:21:20 +07:00",
    "latitude": 21.89378,
    "longitude": 94.914882,
    "tags": [
      "id",
      "nisi",
      "adipisicing",
      "ea",
      "laboris",
      "Lorem",
      "dolor"
    ],
    "friends": [
      {
        "id": 0,
        "name": "Paulette Patel"
      },
      {
        "id": 1,
        "name": "Alison Reed"
      },
      {
        "id": 2,
        "name": "Reba Simon"
      }
    ],
    "greeting": "Hello, Garza Page! You have 7 unread messages.",
    "favoriteFruit": "banana"
  },
  {
    "_id": "5e14a22cfab51fb485c5a8a9",
    "index": 15,
    "guid": "1d111330-dcc5-4897-85f6-bf6bb16fd686",
    "isActive": false,
    "balance": "$1,447.32",
    "picture": "http://placehold.it/32x32",
    "age": 38,
    "eyeColor": "green",
    "name": "Villarreal Casey",
    "gender": "male",
    "company": "ROTODYNE",
    "email": "villarrealcasey@rotodyne.com",
    "phone": "+1 (932) 419-3052",
    "address": "857 Clara Street, Glenville, Ohio, 2059",
    "about": "Proident id cillum proident ea est exercitation. Dolore labore quis aliqua eiusmod. Eu deserunt labore laborum do veniam ad incididunt eiusmod aute occaecat sit in Lorem. Minim minim duis velit dolore eu occaecat culpa adipisicing et laborum deserunt incididunt laborum ut. Ipsum consequat et ex laboris amet irure nisi sit pariatur nisi voluptate elit minim deserunt. Fugiat esse aliquip laborum ex. Et in qui ipsum ad laborum.\r\n",
    "registered": "2014-07-26T07:32:56 +07:00",
    "latitude": 83.923988,
    "longitude": 48.259796,
    "tags": [
      "esse",
      "fugiat",
      "excepteur",
      "nostrud",
      "anim",
      "et",
      "ut"
    ],
    "friends": [
      {
        "id": 0,
        "name": "Mays Pennington"
      },
      {
        "id": 1,
        "name": "Walton Scott"
      },
      {
        "id": 2,
        "name": "Melody Cross"
      }
    ],
    "greeting": "Hello, Villarreal Casey! You have 10 unread messages.",
    "favoriteFruit": "strawberry"
  },
  {
    "_id": "5e14a22c158e32ce83c5e905",
    "index": 16,
    "guid": "5307c118-7bcf-40ed-bdfb-550e23de21aa",
    "isActive": true,
    "balance": "$1,990.36",
    "picture": "http://placehold.it/32x32",
    "age": 34,
    "eyeColor": "green",
    "name": "Gillespie Roberson",
    "gender": "male",
    "company": "OTHERSIDE",
    "email": "gillespieroberson@otherside.com",
    "phone": "+1 (975) 512-2847",
    "address": "480 Times Placez, Morgandale, Nevada, 6365",
    "about": "Veniam velit nisi enim esse culpa mollit consectetur irure sint amet reprehenderit ut. Ea tempor eu et esse ullamco anim dolor voluptate aliquip sunt est occaecat laboris aute. Cupidatat amet dolore cupidatat enim proident aliqua.\r\n",
    "registered": "2017-02-13T05:46:59 +07:00",
    "latitude": -64.766715,
    "longitude": 122.699733,
    "tags": [
      "ullamco",
      "anim",
      "in",
      "eu",
      "exercitation",
      "culpa",
      "mollit"
    ],
    "friends": [
      {
        "id": 0,
        "name": "Yesenia Stokes"
      },
      {
        "id": 1,
        "name": "Nona Nguyen"
      },
      {
        "id": 2,
        "name": "Beverly Patterson"
      }
    ],
    "greeting": "Hello, Gillespie Roberson! You have 10 unread messages.",
    "favoriteFruit": "strawberry"
  },
  {
    "_id": "5e14a22c2af90eaa1b721909",
    "index": 17,
    "guid": "1c4fc450-7a5e-4492-b08b-06b722f6d78a",
    "isActive": false,
    "balance": "$2,083.99",
    "picture": "http://placehold.it/32x32",
    "age": 29,
    "eyeColor": "green",
    "name": "Mariana Strickland",
    "gender": "female",
    "company": "SKYBOLD",
    "email": "marianastrickland@skybold.com",
    "phone": "+1 (898) 428-3647",
    "address": "748 Bridge Street, Berlin, Marshall Islands, 2660",
    "about": "Laboris eiusmod veniam sunt esse labore est mollit laboris incididunt reprehenderit nisi mollit non. Adipisicing minim enim proident nulla. Nulla cupidatat duis velit magna est Lorem ad irure ipsum eiusmod quis Lorem amet elit. Eu id nulla tempor aliqua aute culpa sunt eu dolor ea id deserunt quis.\r\n",
    "registered": "2015-02-11T06:08:02 +07:00",
    "latitude": 72.77045,
    "longitude": 85.871925,
    "tags": [
      "labore",
      "officia",
      "cupidatat",
      "duis",
      "proident",
      "reprehenderit",
      "magna"
    ],
    "friends": [
      {
        "id": 0,
        "name": "Noble Hines"
      },
      {
        "id": 1,
        "name": "Gilda Roach"
      },
      {
        "id": 2,
        "name": "Shelly Rosario"
      }
    ],
    "greeting": "Hello, Mariana Strickland! You have 6 unread messages.",
    "favoriteFruit": "apple"
  },
  {
    "_id": "5e14a22c26edfbbd62857102",
    "index": 18,
    "guid": "7a6d379a-fa12-4052-93bd-a9031e3a89a1",
    "isActive": false,
    "balance": "$3,837.71",
    "picture": "http://placehold.it/32x32",
    "age": 38,
    "eyeColor": "green",
    "name": "Deleon Sparks",
    "gender": "male",
    "company": "ISOSWITCH",
    "email": "deleonsparks@isoswitch.com",
    "phone": "+1 (901) 490-2510",
    "address": "733 Middleton Street, Moraida, Delaware, 7296",
    "about": "Non veniam velit anim mollit cupidatat reprehenderit consectetur laboris qui. Veniam deserunt reprehenderit et quis dolor elit ea in in laborum laboris eiusmod consequat. Lorem do in minim proident occaecat et culpa sint culpa.\r\n",
    "registered": "2019-02-25T08:35:31 +07:00",
    "latitude": -70.618337,
    "longitude": -75.60497,
    "tags": [
      "cupidatat",
      "exercitation",
      "in",
      "dolore",
      "dolor",
      "proident",
      "esse"
    ],
    "friends": [
      {
        "id": 0,
        "name": "Ilene House"
      },
      {
        "id": 1,
        "name": "Jody Durham"
      },
      {
        "id": 2,
        "name": "Jeannie Fowler"
      }
    ],
    "greeting": "Hello, Deleon Sparks! You have 9 unread messages.",
    "favoriteFruit": "apple"
  },
  {
    "_id": "5e14a22c5fce3d92231a3f51",
    "index": 19,
    "guid": "c5e5a29f-79db-4abf-a11b-35cb5b8166ce",
    "isActive": false,
    "balance": "$1,943.71",
    "picture": "http://placehold.it/32x32",
    "age": 40,
    "eyeColor": "brown",
    "name": "Ann Love",
    "gender": "female",
    "company": "CORPULSE",
    "email": "annlove@corpulse.com",
    "phone": "+1 (861) 417-2677",
    "address": "261 Seabring Street, Needmore, District Of Columbia, 6278",
    "about": "Culpa labore aliquip mollit cillum do. Duis dolor fugiat eiusmod voluptate esse ex anim adipisicing. Minim do sunt anim in voluptate duis occaecat occaecat pariatur.\r\n",
    "registered": "2014-04-28T12:57:03 +07:00",
    "latitude": 39.359807,
    "longitude": -32.660532,
    "tags": [
      "sit",
      "officia",
      "adipisicing",
      "ad",
      "adipisicing",
      "Lorem",
      "ea"
    ],
    "friends": [
      {
        "id": 0,
        "name": "Atkins Reese"
      },
      {
        "id": 1,
        "name": "Bowers Edwards"
      },
      {
        "id": 2,
        "name": "Penelope Mason"
      }
    ],
    "greeting": "Hello, Ann Love! You have 2 unread messages.",
    "favoriteFruit": "apple"
  },
  {
    "_id": "5e14a22ccecff2fdd67e6d11",
    "index": 20,
    "guid": "cac855ef-1503-478a-a476-49e85f91d300",
    "isActive": false,
    "balance": "$1,044.24",
    "picture": "http://placehold.it/32x32",
    "age": 29,
    "eyeColor": "green",
    "name": "Gloria Hobbs",
    "gender": "female",
    "company": "HINWAY",
    "email": "gloriahobbs@hinway.com",
    "phone": "+1 (928) 421-3909",
    "address": "525 Wyckoff Street, Santel, Montana, 6329",
    "about": "Ipsum est minim non nisi adipisicing. Labore consectetur proident magna cillum in minim excepteur. Nostrud officia nisi laborum et cillum officia esse commodo. Ad mollit consectetur fugiat amet est ea. Enim ex ea dolore exercitation duis anim culpa enim sit aliqua culpa deserunt tempor reprehenderit. In dolor incididunt eiusmod veniam pariatur quis adipisicing elit. Commodo nulla qui eu laborum ad consectetur magna fugiat qui consequat labore voluptate deserunt.\r\n",
    "registered": "2015-01-14T06:08:41 +07:00",
    "latitude": -26.792999,
    "longitude": 106.149866,
    "tags": [
      "consequat",
      "nostrud",
      "et",
      "ex",
      "excepteur",
      "pariatur",
      "velit"
    ],
    "friends": [
      {
        "id": 0,
        "name": "Elaine Alston"
      },
      {
        "id": 1,
        "name": "Allen Jenkins"
      },
      {
        "id": 2,
        "name": "Macias Blanchard"
      }
    ],
    "greeting": "Hello, Gloria Hobbs! You have 2 unread messages.",
    "favoriteFruit": "banana"
  },
  {
    "_id": "5e14a22c1c16fa062d119eae",
    "index": 21,
    "guid": "fe6104e2-709c-45d6-9c99-20ba6fb55102",
    "isActive": false,
    "balance": "$1,344.12",
    "picture": "http://placehold.it/32x32",
    "age": 26,
    "eyeColor": "green",
    "name": "Walker Snider",
    "gender": "male",
    "company": "ULTRASURE",
    "email": "walkersnider@ultrasure.com",
    "phone": "+1 (915) 446-2774",
    "address": "592 Irvington Place, Lawrence, New Jersey, 8435",
    "about": "Nisi et ex ex ullamco cillum quis commodo irure magna anim. Nostrud fugiat duis duis laborum amet quis sint qui ut fugiat sint aliquip irure incididunt. Aliqua mollit labore exercitation ipsum voluptate Lorem sunt laborum qui aliqua in nostrud minim deserunt.\r\n",
    "registered": "2016-09-16T12:47:46 +07:00",
    "latitude": -61.994225,
    "longitude": 56.985266,
    "tags": [
      "dolore",
      "duis",
      "dolor",
      "esse",
      "esse",
      "sint",
      "fugiat"
    ],
    "friends": [
      {
        "id": 0,
        "name": "Blackburn Salazar"
      },
      {
        "id": 1,
        "name": "Esther Jones"
      },
      {
        "id": 2,
        "name": "Coffey Berger"
      }
    ],
    "greeting": "Hello, Walker Snider! You have 4 unread messages.",
    "favoriteFruit": "banana"
  },
  {
    "_id": "5e14a22c883b9a764d5e91fc",
    "index": 22,
    "guid": "2282ea02-5505-46c2-b7c8-102ce79ea7bc",
    "isActive": true,
    "balance": "$3,364.41",
    "picture": "http://placehold.it/32x32",
    "age": 39,
    "eyeColor": "blue",
    "name": "Consuelo Santiago",
    "gender": "female",
    "company": "ZOLAREX",
    "email": "consuelosantiago@zolarex.com",
    "phone": "+1 (904) 578-2657",
    "address": "697 Sullivan Place, Homeworth, California, 2490",
    "about": "In id anim labore culpa laboris dolor. Duis esse adipisicing Lorem reprehenderit exercitation in consectetur ea ullamco ex ut occaecat. Elit in quis non esse deserunt id irure ea proident magna amet.\r\n",
    "registered": "2015-04-29T10:13:38 +07:00",
    "latitude": -50.063731,
    "longitude": 8.463842,
    "tags": [
      "sunt",
      "exercitation",
      "eu",
      "consectetur",
      "officia",
      "et",
      "labore"
    ],
    "friends": [
      {
        "id": 0,
        "name": "Solomon Glass"
      },
      {
        "id": 1,
        "name": "Vance Livingston"
      },
      {
        "id": 2,
        "name": "Wilda Johns"
      }
    ],
    "greeting": "Hello, Consuelo Santiago! You have 10 unread messages.",
    "favoriteFruit": "apple"
  },
  {
    "_id": "5e14a22c94559fb2c9da742a",
    "index": 23,
    "guid": "66487c24-d15e-41ee-b463-42c60d05bb6c",
    "isActive": false,
    "balance": "$3,751.34",
    "picture": "http://placehold.it/32x32",
    "age": 20,
    "eyeColor": "blue",
    "name": "Lavonne Burt",
    "gender": "female",
    "company": "NETERIA",
    "email": "lavonneburt@neteria.com",
    "phone": "+1 (910) 508-3913",
    "address": "831 Ruby Street, Norwood, New Mexico, 3420",
    "about": "Ea fugiat quis enim deserunt culpa non amet tempor sunt ut. Ad incididunt laboris esse occaecat voluptate Lorem cillum. Labore enim eu consequat sit sint Lorem ex ipsum ex. Excepteur adipisicing mollit mollit deserunt exercitation aute ex occaecat pariatur duis consectetur proident irure nisi. Laboris sit nisi tempor cupidatat elit non minim aliqua sint. Do et do minim quis.\r\n",
    "registered": "2017-02-15T07:13:03 +07:00",
    "latitude": -0.413215,
    "longitude": 107.559679,
    "tags": [
      "ad",
      "commodo",
      "qui",
      "esse",
      "sit",
      "ea",
      "cillum"
    ],
    "friends": [
      {
        "id": 0,
        "name": "Maxine Pickett"
      },
      {
        "id": 1,
        "name": "Jeanine Smith"
      },
      {
        "id": 2,
        "name": "Compton Bruce"
      }
    ],
    "greeting": "Hello, Lavonne Burt! You have 2 unread messages.",
    "favoriteFruit": "apple"
  },
  {
    "_id": "5e14a22c8e12e9b126da948a",
    "index": 24,
    "guid": "9ba48b42-d335-4ac6-9005-a366d1af64c9",
    "isActive": true,
    "balance": "$3,054.83",
    "picture": "http://placehold.it/32x32",
    "age": 32,
    "eyeColor": "green",
    "name": "Imogene Hood",
    "gender": "female",
    "company": "PLEXIA",
    "email": "imogenehood@plexia.com",
    "phone": "+1 (934) 499-2171",
    "address": "958 Bowne Street, Utting, Minnesota, 3454",
    "about": "Veniam mollit duis ipsum ipsum commodo id esse velit elit qui officia anim commodo. Mollit amet in duis aute aute duis cupidatat. Incididunt esse veniam cillum cupidatat nulla. Ad anim officia ea labore veniam incididunt laboris. Mollit tempor consectetur id proident commodo deserunt consequat reprehenderit dolore.\r\n",
    "registered": "2018-08-29T11:53:30 +07:00",
    "latitude": -48.32682,
    "longitude": -20.99793,
    "tags": [
      "deserunt",
      "labore",
      "nostrud",
      "aute",
      "adipisicing",
      "ad",
      "mollit"
    ],
    "friends": [
      {
        "id": 0,
        "name": "Tamra Whitaker"
      },
      {
        "id": 1,
        "name": "Ila Montgomery"
      },
      {
        "id": 2,
        "name": "Tanner Hull"
      }
    ],
    "greeting": "Hello, Imogene Hood! You have 9 unread messages.",
    "favoriteFruit": "strawberry"
  },
  {
    "_id": "5e14a22cf558355beac892d3",
    "index": 25,
    "guid": "9e8fd225-4772-4949-a40b-04f445b2c112",
    "isActive": false,
    "balance": "$1,157.39",
    "picture": "http://placehold.it/32x32",
    "age": 39,
    "eyeColor": "blue",
    "name": "Hodges Hurley",
    "gender": "male",
    "company": "RECRISYS",
    "email": "hodgeshurley@recrisys.com",
    "phone": "+1 (958) 450-3399",
    "address": "263 Shale Street, Freetown, Texas, 6018",
    "about": "Incididunt veniam consectetur incididunt sit dolore ex eiusmod ex ullamco laboris in reprehenderit irure. Proident tempor mollit anim velit do aute. Duis in pariatur in minim. Magna minim cupidatat ad esse nulla dolore sit. Elit dolore mollit voluptate exercitation non ullamco. Cillum ea anim eiusmod non. Elit eiusmod consequat cupidatat minim proident qui quis nostrud.\r\n",
    "registered": "2014-03-31T01:59:58 +07:00",
    "latitude": 25.956825,
    "longitude": 65.091668,
    "tags": [
      "mollit",
      "irure",
      "sunt",
      "consequat",
      "dolore",
      "excepteur",
      "elit"
    ],
    "friends": [
      {
        "id": 0,
        "name": "Staci Zamora"
      },
      {
        "id": 1,
        "name": "Dianna Allison"
      },
      {
        "id": 2,
        "name": "Eunice Rodriguez"
      }
    ],
    "greeting": "Hello, Hodges Hurley! You have 1 unread messages.",
    "favoriteFruit": "apple"
  },
  {
    "_id": "5e14a22cbd7c38c7b055923a",
    "index": 26,
    "guid": "a36ffefc-dd8d-4afb-b181-700b0ef3091a",
    "isActive": true,
    "balance": "$1,692.02",
    "picture": "http://placehold.it/32x32",
    "age": 26,
    "eyeColor": "brown",
    "name": "Amanda Keith",
    "gender": "female",
    "company": "DIGITALUS",
    "email": "amandakeith@digitalus.com",
    "phone": "+1 (844) 547-3676",
    "address": "189 Bliss Terrace, Gerber, Maine, 5534",
    "about": "Do aute aliquip reprehenderit esse tempor. Ipsum est anim commodo voluptate sunt laborum reprehenderit. Reprehenderit exercitation quis excepteur duis commodo ad nostrud pariatur dolor voluptate aliquip magna anim velit.\r\n",
    "registered": "2017-01-02T11:13:20 +07:00",
    "latitude": -40.339421,
    "longitude": -8.001792,
    "tags": [
      "fugiat",
      "do",
      "sit",
      "incididunt",
      "anim",
      "aliqua",
      "laborum"
    ],
    "friends": [
      {
        "id": 0,
        "name": "Jaclyn Sawyer"
      },
      {
        "id": 1,
        "name": "Morrison Williamson"
      },
      {
        "id": 2,
        "name": "Iris Ratliff"
      }
    ],
    "greeting": "Hello, Amanda Keith! You have 5 unread messages.",
    "favoriteFruit": "strawberry"
  },
  {
    "_id": "5e14a22cc6471d4dae199f82",
    "index": 27,
    "guid": "9c3d6738-556a-49a9-9b4f-199ee7992799",
    "isActive": true,
    "balance": "$1,503.79",
    "picture": "http://placehold.it/32x32",
    "age": 30,
    "eyeColor": "green",
    "name": "Emilia Langley",
    "gender": "female",
    "company": "COMTREK",
    "email": "emilialangley@comtrek.com",
    "phone": "+1 (994) 400-3624",
    "address": "390 Kay Court, Kenwood, Tennessee, 8005",
    "about": "Laborum sunt in do anim Lorem et ad ipsum dolore laborum cillum sit ipsum magna. Adipisicing aliquip qui ut ex ipsum ad. Occaecat magna et aute id officia.\r\n",
    "registered": "2016-04-14T12:35:20 +07:00",
    "latitude": -56.245206,
    "longitude": -140.453797,
    "tags": [
      "excepteur",
      "voluptate",
      "sunt",
      "occaecat",
      "incididunt",
      "nostrud",
      "ad"
    ],
    "friends": [
      {
        "id": 0,
        "name": "Roslyn Meyer"
      },
      {
        "id": 1,
        "name": "Terrie Bell"
      },
      {
        "id": 2,
        "name": "Lawrence Vasquez"
      }
    ],
    "greeting": "Hello, Emilia Langley! You have 1 unread messages.",
    "favoriteFruit": "banana"
  },
  {
    "_id": "5e14a22c7d27ab6ec95af7d7",
    "index": 28,
    "guid": "1d33b543-9dd0-4120-93b0-1e573b138564",
    "isActive": false,
    "balance": "$3,962.18",
    "picture": "http://placehold.it/32x32",
    "age": 39,
    "eyeColor": "green",
    "name": "Enid Wilkins",
    "gender": "female",
    "company": "KENEGY",
    "email": "enidwilkins@kenegy.com",
    "phone": "+1 (866) 593-3768",
    "address": "977 Hewes Street, Lindcove, Massachusetts, 5981",
    "about": "Magna magna adipisicing veniam fugiat laborum irure mollit occaecat ipsum. Ad mollit laboris culpa consequat aute culpa id exercitation est ut sint deserunt exercitation exercitation. Non aliqua qui labore est fugiat mollit anim laboris aliquip laboris excepteur non. Labore non incididunt do ipsum consequat et sunt quis do consequat consectetur nisi labore. Quis laboris non eiusmod ut eu consequat fugiat. Id non nostrud pariatur sit laboris consectetur ullamco anim reprehenderit ipsum incididunt magna laboris magna. Duis aliqua laboris laboris est cillum sit.\r\n",
    "registered": "2017-09-19T07:53:44 +07:00",
    "latitude": 30.245784,
    "longitude": 101.740426,
    "tags": [
      "qui",
      "officia",
      "pariatur",
      "qui",
      "occaecat",
      "esse",
      "nulla"
    ],
    "friends": [
      {
        "id": 0,
        "name": "Monica Wade"
      },
      {
        "id": 1,
        "name": "Kimberley Tate"
      },
      {
        "id": 2,
        "name": "Noemi Holden"
      }
    ],
    "greeting": "Hello, Enid Wilkins! You have 8 unread messages.",
    "favoriteFruit": "apple"
  },
  {
    "_id": "5e14a22c72f2497fc51e919e",
    "index": 29,
    "guid": "ccd4d520-78ce-4965-bdfc-17561aaf5b65",
    "isActive": false,
    "balance": "$1,420.61",
    "picture": "http://placehold.it/32x32",
    "age": 38,
    "eyeColor": "brown",
    "name": "Flora Watts",
    "gender": "female",
    "company": "COMTEST",
    "email": "florawatts@comtest.com",
    "phone": "+1 (965) 503-2904",
    "address": "127 Channel Avenue, Snowville, Connecticut, 3812",
    "about": "Quis ipsum elit aliquip ullamco ullamco duis ut aliquip magna. Laboris veniam officia fugiat commodo. Deserunt id sint nulla cillum deserunt. Consequat aliquip adipisicing consequat sunt non cupidatat duis minim incididunt tempor in ut exercitation. Enim exercitation commodo est nulla sit magna aliqua ex amet. Culpa excepteur laboris dolor mollit in aliqua et occaecat. Aliquip incididunt quis est occaecat cupidatat id commodo.\r\n",
    "registered": "2015-05-27T11:17:42 +07:00",
    "latitude": -28.221856,
    "longitude": 176.003978,
    "tags": [
      "excepteur",
      "Lorem",
      "id",
      "culpa",
      "est",
      "magna",
      "aliquip"
    ],
    "friends": [
      {
        "id": 0,
        "name": "Fern Knowles"
      },
      {
        "id": 1,
        "name": "Iva Mcdowell"
      },
      {
        "id": 2,
        "name": "Faith Carter"
      }
    ],
    "greeting": "Hello, Flora Watts! You have 6 unread messages.",
    "favoriteFruit": "strawberry"
  },
  {
    "_id": "5e14a22cb6916211a3ed0889",
    "index": 30,
    "guid": "61082d13-ee69-4b87-9f70-2b2adda666c2",
    "isActive": true,
    "balance": "$1,341.80",
    "picture": "http://placehold.it/32x32",
    "age": 21,
    "eyeColor": "brown",
    "name": "Pollard Gross",
    "gender": "male",
    "company": "MANGELICA",
    "email": "pollardgross@mangelica.com",
    "phone": "+1 (840) 437-3921",
    "address": "815 Fleet Street, Maxville, South Carolina, 7066",
    "about": "Excepteur pariatur dolore amet laborum nulla in aliqua cupidatat consectetur ea cillum. Mollit id fugiat ullamco qui aliquip duis laboris velit nostrud esse sint. Cillum qui excepteur deserunt in enim deserunt in sint mollit.\r\n",
    "registered": "2018-06-08T03:25:12 +07:00",
    "latitude": 51.578773,
    "longitude": -27.153352,
    "tags": [
      "laborum",
      "cillum",
      "ea",
      "et",
      "velit",
      "velit",
      "occaecat"
    ],
    "friends": [
      {
        "id": 0,
        "name": "Celeste Travis"
      },
      {
        "id": 1,
        "name": "Joseph Middleton"
      },
      {
        "id": 2,
        "name": "Copeland Logan"
      }
    ],
    "greeting": "Hello, Pollard Gross! You have 2 unread messages.",
    "favoriteFruit": "banana"
  },
  {
    "_id": "5e14a22c760dd00506a81f0b",
    "index": 31,
    "guid": "1aced152-4b74-47f4-9c3a-9378b01c811e",
    "isActive": false,
    "balance": "$3,931.86",
    "picture": "http://placehold.it/32x32",
    "age": 21,
    "eyeColor": "brown",
    "name": "Berry Moss",
    "gender": "male",
    "company": "BIZMATIC",
    "email": "berrymoss@bizmatic.com",
    "phone": "+1 (966) 513-3671",
    "address": "922 Stoddard Place, Soudan, Washington, 7831",
    "about": "Ex consequat velit voluptate est cillum enim anim eiusmod incididunt magna sint ullamco occaecat nostrud. Anim do reprehenderit ullamco cillum magna excepteur culpa dolore labore sunt ullamco. Dolore ullamco ullamco ad duis ut elit anim consectetur magna nisi. Magna pariatur cupidatat enim officia. Deserunt amet pariatur incididunt eu labore sit laborum irure Lorem est ullamco labore adipisicing.\r\n",
    "registered": "2016-08-14T11:28:23 +07:00",
    "latitude": -9.287928,
    "longitude": 81.00786,
    "tags": [
      "irure",
      "nulla",
      "id",
      "cillum",
      "nisi",
      "exercitation",
      "cillum"
    ],
    "friends": [
      {
        "id": 0,
        "name": "Sykes Valencia"
      },
      {
        "id": 1,
        "name": "Doris Dillon"
      },
      {
        "id": 2,
        "name": "Claudia Flynn"
      }
    ],
    "greeting": "Hello, Berry Moss! You have 8 unread messages.",
    "favoriteFruit": "banana"
  },
  {
    "_id": "5e14a22c22632cf948587045",
    "index": 32,
    "guid": "41f190bd-1d2e-4d6c-8e84-1a8b6f5e1667",
    "isActive": true,
    "balance": "$1,351.15",
    "picture": "http://placehold.it/32x32",
    "age": 27,
    "eyeColor": "brown",
    "name": "Cooper May",
    "gender": "male",
    "company": "ISOLOGICS",
    "email": "coopermay@isologics.com",
    "phone": "+1 (935) 547-2796",
    "address": "298 Cameron Court, Vincent, Virgin Islands, 9161",
    "about": "Occaecat ea nostrud sit proident exercitation amet in sunt quis. Magna sint ex laborum minim voluptate et velit et. Velit aliqua anim culpa elit mollit sit mollit incididunt aliquip deserunt. Sint fugiat mollit incididunt excepteur duis. Labore tempor reprehenderit eu nostrud consequat non ad officia nulla reprehenderit eiusmod dolore proident consequat.\r\n",
    "registered": "2017-12-18T03:21:40 +07:00",
    "latitude": 53.724496,
    "longitude": 169.472613,
    "tags": [
      "culpa",
      "eu",
      "cupidatat",
      "anim",
      "incididunt",
      "ea",
      "veniam"
    ],
    "friends": [
      {
        "id": 0,
        "name": "Augusta Guerrero"
      },
      {
        "id": 1,
        "name": "Chapman Vargas"
      },
      {
        "id": 2,
        "name": "Marisa Diaz"
      }
    ],
    "greeting": "Hello, Cooper May! You have 1 unread messages.",
    "favoriteFruit": "banana"
  },
  {
    "_id": "5e14a22cde48841978b2fa3b",
    "index": 33,
    "guid": "521aa783-9067-45a3-abad-06afae7206e7",
    "isActive": true,
    "balance": "$2,616.11",
    "picture": "http://placehold.it/32x32",
    "age": 34,
    "eyeColor": "green",
    "name": "Acosta Ross",
    "gender": "male",
    "company": "SAVVY",
    "email": "acostaross@savvy.com",
    "phone": "+1 (895) 541-3006",
    "address": "865 Franklin Avenue, Genoa, New Hampshire, 2479",
    "about": "Eiusmod amet mollit elit deserunt dolor amet tempor. Ut do nostrud laboris dolor Lorem consectetur non elit eu. Voluptate occaecat cupidatat id aute consectetur mollit nisi ullamco cillum in. Laboris ex cillum sunt ipsum laborum pariatur elit aute in culpa pariatur veniam est ex. Ea sunt incididunt ad voluptate in est aute elit incididunt amet anim irure tempor ullamco. Amet voluptate anim non ea id deserunt. Amet dolore ex nulla in.\r\n",
    "registered": "2016-09-29T04:24:34 +07:00",
    "latitude": 19.493095,
    "longitude": 124.850604,
    "tags": [
      "tempor",
      "ut",
      "nostrud",
      "pariatur",
      "sunt",
      "incididunt",
      "veniam"
    ],
    "friends": [
      {
        "id": 0,
        "name": "Frankie Carson"
      },
      {
        "id": 1,
        "name": "Larson Cline"
      },
      {
        "id": 2,
        "name": "Jenifer Stuart"
      }
    ],
    "greeting": "Hello, Acosta Ross! You have 7 unread messages.",
    "favoriteFruit": "banana"
  },
  {
    "_id": "5e14a22cda75ba71a251e076",
    "index": 34,
    "guid": "4fbc03b7-e828-4c4f-8d5e-bd71f0e224b7",
    "isActive": true,
    "balance": "$3,584.22",
    "picture": "http://placehold.it/32x32",
    "age": 30,
    "eyeColor": "brown",
    "name": "Thelma Gordon",
    "gender": "female",
    "company": "KRAG",
    "email": "thelmagordon@krag.com",
    "phone": "+1 (973) 487-3454",
    "address": "896 Calder Place, Smock, Virginia, 6175",
    "about": "Id velit aliquip dolor nulla irure quis mollit aute et magna magna elit. Laboris pariatur tempor sit est sint ut aute labore id sunt. Incididunt voluptate proident aliqua veniam. Nulla ex laborum aliquip duis dolore nulla. Exercitation fugiat voluptate in voluptate mollit fugiat esse. Commodo sit mollit ipsum nisi non aute ex duis laborum dolor est. Duis deserunt proident quis duis.\r\n",
    "registered": "2018-08-16T02:51:39 +07:00",
    "latitude": 68.62853,
    "longitude": 13.121606,
    "tags": [
      "enim",
      "consectetur",
      "reprehenderit",
      "pariatur",
      "nisi",
      "anim",
      "non"
    ],
    "friends": [
      {
        "id": 0,
        "name": "Merrill Harrell"
      },
      {
        "id": 1,
        "name": "Boyd Jacobson"
      },
      {
        "id": 2,
        "name": "Carson Justice"
      }
    ],
    "greeting": "Hello, Thelma Gordon! You have 6 unread messages.",
    "favoriteFruit": "strawberry"
  },
  {
    "_id": "5e14a22cad8ce6a82914ffaf",
    "index": 35,
    "guid": "7c8c67c4-bd2d-4907-9527-e016fcfb67a6",
    "isActive": false,
    "balance": "$3,867.88",
    "picture": "http://placehold.it/32x32",
    "age": 26,
    "eyeColor": "brown",
    "name": "Rowena Frederick",
    "gender": "female",
    "company": "HONOTRON",
    "email": "rowenafrederick@honotron.com",
    "phone": "+1 (898) 553-3215",
    "address": "562 Tapscott Street, Dorneyville, Mississippi, 3048",
    "about": "Exercitation anim laboris magna quis in tempor sit consectetur Lorem anim aliquip in et proident. Pariatur id proident anim aliqua cupidatat enim id non pariatur nulla dolore. Officia veniam nulla magna id duis et ad anim fugiat. Officia nulla id minim elit pariatur laboris.\r\n",
    "registered": "2019-12-28T12:51:27 +07:00",
    "latitude": -21.30662,
    "longitude": -179.631504,
    "tags": [
      "aliquip",
      "ex",
      "velit",
      "voluptate",
      "dolor",
      "ad",
      "irure"
    ],
    "friends": [
      {
        "id": 0,
        "name": "Georgette Rowe"
      },
      {
        "id": 1,
        "name": "Dionne Walters"
      },
      {
        "id": 2,
        "name": "Katharine Fuller"
      }
    ],
    "greeting": "Hello, Rowena Frederick! You have 1 unread messages.",
    "favoriteFruit": "banana"
  },
  {
    "_id": "5e14a22c06e2e01f1cac2767",
    "index": 36,
    "guid": "7078f7e2-9f1d-4636-b407-43e347c91b56",
    "isActive": true,
    "balance": "$2,522.51",
    "picture": "http://placehold.it/32x32",
    "age": 35,
    "eyeColor": "blue",
    "name": "Randolph Jarvis",
    "gender": "male",
    "company": "ISOPOP",
    "email": "randolphjarvis@isopop.com",
    "phone": "+1 (891) 412-3029",
    "address": "565 Colonial Road, Coloma, Nebraska, 3947",
    "about": "Dolor laboris labore laboris et pariatur aliquip in laborum incididunt tempor ad ex ullamco id. Voluptate commodo proident Lorem velit. Est ad cillum reprehenderit ea. Amet exercitation elit deserunt incididunt excepteur magna ipsum cupidatat magna est sunt tempor mollit. Exercitation reprehenderit irure cillum cillum id amet voluptate. Esse laborum officia nostrud ipsum ea excepteur officia nisi sunt consectetur magna proident pariatur exercitation.\r\n",
    "registered": "2014-02-17T01:13:25 +07:00",
    "latitude": 2.52276,
    "longitude": 73.33563,
    "tags": [
      "anim",
      "eu",
      "eiusmod",
      "eu",
      "tempor",
      "ex",
      "culpa"
    ],
    "friends": [
      {
        "id": 0,
        "name": "Osborn Robbins"
      },
      {
        "id": 1,
        "name": "Dorothea Fry"
      },
      {
        "id": 2,
        "name": "Maritza Buckley"
      }
    ],
    "greeting": "Hello, Randolph Jarvis! You have 7 unread messages.",
    "favoriteFruit": "apple"
  },
  {
    "_id": "5e14a22c843c4c8abc5e4df5",
    "index": 37,
    "guid": "7cc907fb-1279-451f-b1aa-3d5106215b81",
    "isActive": false,
    "balance": "$1,521.37",
    "picture": "http://placehold.it/32x32",
    "age": 26,
    "eyeColor": "brown",
    "name": "Faulkner Hale",
    "gender": "male",
    "company": "UXMOX",
    "email": "faulknerhale@uxmox.com",
    "phone": "+1 (900) 403-2574",
    "address": "159 Doscher Street, Wildwood, Georgia, 5815",
    "about": "Occaecat consequat nostrud aute irure elit sint. Consequat laborum ut adipisicing sunt qui. Lorem elit do mollit eiusmod Lorem proident dolor nisi dolor tempor fugiat id. Mollit labore enim tempor aliqua fugiat sit.\r\n",
    "registered": "2018-01-18T08:33:47 +07:00",
    "latitude": -5.929463,
    "longitude": 172.796295,
    "tags": [
      "incididunt",
      "adipisicing",
      "ex",
      "quis",
      "esse",
      "adipisicing",
      "quis"
    ],
    "friends": [
      {
        "id": 0,
        "name": "Pamela Cash"
      },
      {
        "id": 1,
        "name": "Laurel Thompson"
      },
      {
        "id": 2,
        "name": "Marla Farmer"
      }
    ],
    "greeting": "Hello, Faulkner Hale! You have 9 unread messages.",
    "favoriteFruit": "apple"
  },
  {
    "_id": "5e14a22c46dd8849d59dc452",
    "index": 38,
    "guid": "f61a81fa-6adf-4593-8c9c-9fc48ba87f18",
    "isActive": false,
    "balance": "$3,349.75",
    "picture": "http://placehold.it/32x32",
    "age": 28,
    "eyeColor": "blue",
    "name": "Carlson Gamble",
    "gender": "male",
    "company": "EVENTEX",
    "email": "carlsongamble@eventex.com",
    "phone": "+1 (803) 524-3247",
    "address": "454 Evans Street, Jacumba, Arizona, 4130",
    "about": "Ullamco minim Lorem aliquip laborum ut nulla cupidatat qui irure officia id velit anim ex. Culpa amet minim ullamco eu amet ipsum sint nisi eiusmod sint ipsum. Proident laborum irure sit labore ut esse quis. Excepteur ullamco pariatur proident ullamco ullamco eiusmod Lorem quis exercitation ut. Eiusmod mollit tempor aliquip id ipsum veniam eu. Incididunt mollit incididunt ex incididunt commodo et esse veniam mollit aliquip incididunt consequat elit. Enim ea nulla magna incididunt tempor ad in laborum duis enim qui.\r\n",
    "registered": "2018-12-24T10:53:57 +07:00",
    "latitude": 65.42223,
    "longitude": -158.853953,
    "tags": [
      "eiusmod",
      "nostrud",
      "aute",
      "dolor",
      "duis",
      "minim",
      "magna"
    ],
    "friends": [
      {
        "id": 0,
        "name": "Oneal Hooper"
      },
      {
        "id": 1,
        "name": "Callahan Taylor"
      },
      {
        "id": 2,
        "name": "Estella Ferrell"
      }
    ],
    "greeting": "Hello, Carlson Gamble! You have 7 unread messages.",
    "favoriteFruit": "strawberry"
  },
  {
    "_id": "5e14a22cfa75fa9e24f0b566",
    "index": 39,
    "guid": "4457a25f-32ef-4f68-934d-c5350cb96812",
    "isActive": true,
    "balance": "$2,488.08",
    "picture": "http://placehold.it/32x32",
    "age": 23,
    "eyeColor": "brown",
    "name": "Nash Mcdaniel",
    "gender": "male",
    "company": "BIFLEX",
    "email": "nashmcdaniel@biflex.com",
    "phone": "+1 (979) 459-3007",
    "address": "862 Elm Place, Allison, Guam, 1491",
    "about": "Dolor ea ea ipsum officia. Fugiat cillum do laboris sunt cillum labore aute occaecat pariatur enim officia qui ex. Reprehenderit aliquip magna ipsum exercitation cillum commodo reprehenderit et duis sit ut nisi. Cillum ea enim quis pariatur deserunt cupidatat esse mollit aliqua culpa. Sint velit do ullamco aliqua commodo. Sit enim anim magna voluptate eu amet officia qui occaecat irure aute. Occaecat cillum in quis elit eu aute duis.\r\n",
    "registered": "2015-01-11T03:58:29 +07:00",
    "latitude": -28.14782,
    "longitude": -173.904929,
    "tags": [
      "commodo",
      "magna",
      "commodo",
      "enim",
      "nostrud",
      "est",
      "aute"
    ],
    "friends": [
      {
        "id": 0,
        "name": "Barton Brady"
      },
      {
        "id": 1,
        "name": "Potts Gutierrez"
      },
      {
        "id": 2,
        "name": "Autumn Roth"
      }
    ],
    "greeting": "Hello, Nash Mcdaniel! You have 9 unread messages.",
    "favoriteFruit": "banana"
  },
  {
    "_id": "5e14a22c79975138eac5a84c",
    "index": 40,
    "guid": "cedcb322-e686-4542-a524-c0d8e376f934",
    "isActive": true,
    "balance": "$1,768.57",
    "picture": "http://placehold.it/32x32",
    "age": 37,
    "eyeColor": "brown",
    "name": "Rochelle Norton",
    "gender": "female",
    "company": "PHARMEX",
    "email": "rochellenorton@pharmex.com",
    "phone": "+1 (967) 507-2435",
    "address": "744 Debevoise Street, Talpa, North Carolina, 7825",
    "about": "Id do consectetur incididunt et commodo non reprehenderit dolor voluptate pariatur ullamco Lorem. Quis sint cupidatat duis ad. Elit ut nisi reprehenderit exercitation est dolore qui nostrud labore labore mollit ad cillum et. Quis quis deserunt incididunt laborum consectetur. Ut consectetur esse tempor excepteur.\r\n",
    "registered": "2018-02-08T06:43:12 +07:00",
    "latitude": 25.583082,
    "longitude": -11.811613,
    "tags": [
      "non",
      "non",
      "culpa",
      "eu",
      "anim",
      "occaecat",
      "eiusmod"
    ],
    "friends": [
      {
        "id": 0,
        "name": "Dyer Talley"
      },
      {
        "id": 1,
        "name": "Lauri Carroll"
      },
      {
        "id": 2,
        "name": "Sellers Baker"
      }
    ],
    "greeting": "Hello, Rochelle Norton! You have 2 unread messages.",
    "favoriteFruit": "apple"
  },
  {
    "_id": "5e14a22c5f1e053fe4fca82d",
    "index": 41,
    "guid": "dd2b7130-1152-4acb-bb53-48fb61c203d8",
    "isActive": true,
    "balance": "$1,568.58",
    "picture": "http://placehold.it/32x32",
    "age": 35,
    "eyeColor": "blue",
    "name": "Dawson Mckay",
    "gender": "male",
    "company": "LUMBREX",
    "email": "dawsonmckay@lumbrex.com",
    "phone": "+1 (838) 481-2771",
    "address": "443 Tapscott Avenue, Nile, Oregon, 6349",
    "about": "Culpa amet et consectetur ea occaecat sint non sit exercitation commodo. Mollit amet veniam sint adipisicing proident cupidatat non. Incididunt deserunt magna et irure minim. Sunt et dolore consectetur commodo laboris commodo.\r\n",
    "registered": "2016-03-05T03:53:43 +07:00",
    "latitude": -36.972197,
    "longitude": -128.721197,
    "tags": [
      "Lorem",
      "do",
      "anim",
      "nostrud",
      "dolore",
      "exercitation",
      "commodo"
    ],
    "friends": [
      {
        "id": 0,
        "name": "Burke Chan"
      },
      {
        "id": 1,
        "name": "Andrews Tyler"
      },
      {
        "id": 2,
        "name": "Vickie Mcfarland"
      }
    ],
    "greeting": "Hello, Dawson Mckay! You have 9 unread messages.",
    "favoriteFruit": "strawberry"
  },
  {
    "_id": "5e14a22c68b935339df26d66",
    "index": 42,
    "guid": "8f24de42-ef47-4149-be05-af31e1f5347f",
    "isActive": false,
    "balance": "$1,963.39",
    "picture": "http://placehold.it/32x32",
    "age": 28,
    "eyeColor": "blue",
    "name": "Cole Harmon",
    "gender": "male",
    "company": "MANUFACT",
    "email": "coleharmon@manufact.com",
    "phone": "+1 (951) 414-2815",
    "address": "124 Hopkins Street, Graniteville, Palau, 3468",
    "about": "In eu tempor occaecat do elit ex cillum consequat nulla do sunt. In anim cillum nisi irure tempor. Ullamco consectetur magna ex adipisicing. Nulla magna adipisicing consectetur magna in Lorem aliquip mollit. Est ullamco commodo cupidatat exercitation est nulla quis sit est irure.\r\n",
    "registered": "2014-07-11T06:00:53 +07:00",
    "latitude": 40.329438,
    "longitude": 26.419863,
    "tags": [
      "ullamco",
      "qui",
      "aute",
      "enim",
      "do",
      "elit",
      "reprehenderit"
    ],
    "friends": [
      {
        "id": 0,
        "name": "Velazquez Klein"
      },
      {
        "id": 1,
        "name": "Elliott Lindsey"
      },
      {
        "id": 2,
        "name": "Pearl Oconnor"
      }
    ],
    "greeting": "Hello, Cole Harmon! You have 6 unread messages.",
    "favoriteFruit": "strawberry"
  },
  {
    "_id": "5e14a22c890b1d3a1dab5213",
    "index": 43,
    "guid": "04d13b14-e562-48a1-a98d-a393c63e5af8",
    "isActive": false,
    "balance": "$2,510.63",
    "picture": "http://placehold.it/32x32",
    "age": 30,
    "eyeColor": "brown",
    "name": "Doyle Webb",
    "gender": "male",
    "company": "ACRODANCE",
    "email": "doylewebb@acrodance.com",
    "phone": "+1 (897) 434-2260",
    "address": "438 Noel Avenue, Morningside, Louisiana, 2006",
    "about": "Culpa magna sint consectetur consectetur sunt ullamco consequat qui. Fugiat est sint do velit minim qui magna eu velit elit consectetur aliquip. Consequat nostrud aliquip ex est duis labore qui excepteur nulla deserunt mollit cillum dolor. Velit laborum est ullamco magna veniam voluptate ex nostrud.\r\n",
    "registered": "2015-10-06T12:27:11 +07:00",
    "latitude": -51.92684,
    "longitude": -9.090535,
    "tags": [
      "ex",
      "mollit",
      "duis",
      "nostrud",
      "minim",
      "qui",
      "in"
    ],
    "friends": [
      {
        "id": 0,
        "name": "Boyer Hinton"
      },
      {
        "id": 1,
        "name": "Laurie Clarke"
      },
      {
        "id": 2,
        "name": "William Vega"
      }
    ],
    "greeting": "Hello, Doyle Webb! You have 6 unread messages.",
    "favoriteFruit": "banana"
  },
  {
    "_id": "5e14a22c2ea3ecff92efa8a8",
    "index": 44,
    "guid": "cc80043d-3bcb-4624-b53f-321f4991f8d8",
    "isActive": false,
    "balance": "$3,323.96",
    "picture": "http://placehold.it/32x32",
    "age": 40,
    "eyeColor": "green",
    "name": "Joann Hardy",
    "gender": "female",
    "company": "RONELON",
    "email": "joannhardy@ronelon.com",
    "phone": "+1 (863) 473-3747",
    "address": "988 Bragg Court, Sanford, Florida, 1388",
    "about": "Consequat et incididunt nostrud eu consectetur qui dolore aliquip esse anim do. Magna aliqua anim amet consequat velit laboris aute excepteur do fugiat amet dolor elit duis. Enim consequat esse eiusmod dolor sit.\r\n",
    "registered": "2017-08-29T04:33:00 +07:00",
    "latitude": -7.37368,
    "longitude": -4.700418,
    "tags": [
      "est",
      "nostrud",
      "proident",
      "nulla",
      "nulla",
      "proident",
      "aliquip"
    ],
    "friends": [
      {
        "id": 0,
        "name": "Tia Levine"
      },
      {
        "id": 1,
        "name": "Kirkland Cotton"
      },
      {
        "id": 2,
        "name": "Elnora Silva"
      }
    ],
    "greeting": "Hello, Joann Hardy! You have 10 unread messages.",
    "favoriteFruit": "strawberry"
  },
  {
    "_id": "5e14a22caf31cf322e7d646d",
    "index": 45,
    "guid": "2799884a-a854-4795-8dcf-0cb1ebe09cb1",
    "isActive": false,
    "balance": "$2,470.32",
    "picture": "http://placehold.it/32x32",
    "age": 29,
    "eyeColor": "green",
    "name": "Miles Ellis",
    "gender": "male",
    "company": "TOURMANIA",
    "email": "milesellis@tourmania.com",
    "phone": "+1 (974) 562-2935",
    "address": "183 Quentin Road, Jenkinsville, Alabama, 9838",
    "about": "Amet duis exercitation reprehenderit commodo magna qui labore excepteur nulla ad dolor Lorem. Ad esse Lorem ad adipisicing. Laborum consequat culpa sit pariatur incididunt irure amet enim pariatur magna tempor do. Aliqua nostrud excepteur occaecat ea et velit magna. Non culpa pariatur consequat Lorem reprehenderit exercitation occaecat culpa do. Velit mollit sit exercitation mollit pariatur sit nostrud tempor velit incididunt.\r\n",
    "registered": "2014-08-11T11:09:14 +07:00",
    "latitude": -82.321576,
    "longitude": -139.842729,
    "tags": [
      "in",
      "cillum",
      "id",
      "consectetur",
      "laboris",
      "mollit",
      "ullamco"
    ],
    "friends": [
      {
        "id": 0,
        "name": "Eugenia Roberts"
      },
      {
        "id": 1,
        "name": "Sara Hawkins"
      },
      {
        "id": 2,
        "name": "Weiss Brennan"
      }
    ],
    "greeting": "Hello, Miles Ellis! You have 6 unread messages.",
    "favoriteFruit": "banana"
  },
  {
    "_id": "5e14a22cefcf07a2f81c8e3a",
    "index": 46,
    "guid": "c856b6fc-1214-41d2-8f94-7daff1c4da13",
    "isActive": true,
    "balance": "$2,920.91",
    "picture": "http://placehold.it/32x32",
    "age": 40,
    "eyeColor": "green",
    "name": "Small Barker",
    "gender": "male",
    "company": "ENDICIL",
    "email": "smallbarker@endicil.com",
    "phone": "+1 (918) 429-3893",
    "address": "313 Robert Street, Bodega, Hawaii, 3876",
    "about": "Aute ea excepteur elit nostrud tempor veniam adipisicing nulla duis mollit aute ea exercitation. Officia excepteur nostrud aute labore voluptate Lorem veniam reprehenderit dolore quis dolore enim eu. Tempor est ut ea reprehenderit sunt laborum amet velit consequat do. Eu minim ex nostrud et esse dolore commodo do. Sunt officia magna do exercitation culpa dolor proident esse dolore. Exercitation occaecat anim fugiat ipsum.\r\n",
    "registered": "2014-05-23T05:50:03 +07:00",
    "latitude": -9.204869,
    "longitude": -171.735428,
    "tags": [
      "laboris",
      "aliqua",
      "elit",
      "quis",
      "do",
      "fugiat",
      "eu"
    ],
    "friends": [
      {
        "id": 0,
        "name": "Hicks Melendez"
      },
      {
        "id": 1,
        "name": "Antoinette Schmidt"
      },
      {
        "id": 2,
        "name": "Susana Workman"
      }
    ],
    "greeting": "Hello, Small Barker! You have 4 unread messages.",
    "favoriteFruit": "apple"
  },
  {
    "_id": "5e14a22c5e4b712cab4bc061",
    "index": 47,
    "guid": "897e0f4e-ebb5-4e33-b3a3-9ece911573ef",
    "isActive": false,
    "balance": "$2,879.71",
    "picture": "http://placehold.it/32x32",
    "age": 26,
    "eyeColor": "blue",
    "name": "Spence Williams",
    "gender": "male",
    "company": "TURNABOUT",
    "email": "spencewilliams@turnabout.com",
    "phone": "+1 (806) 569-2036",
    "address": "874 Frank Court, Bluffview, Utah, 734",
    "about": "Minim amet eiusmod sint nostrud veniam minim anim mollit culpa incididunt magna ullamco reprehenderit officia. Aliquip sunt fugiat do nostrud consectetur magna velit non laborum aliquip nisi dolore id. Do cupidatat irure in elit non dolore laborum ullamco officia esse est cupidatat id aliqua. Culpa aute sunt culpa id elit voluptate in ut velit ad dolor.\r\n",
    "registered": "2015-12-23T01:57:59 +07:00",
    "latitude": -52.583632,
    "longitude": 5.6043,
    "tags": [
      "veniam",
      "nulla",
      "ad",
      "sit",
      "pariatur",
      "voluptate",
      "sint"
    ],
    "friends": [
      {
        "id": 0,
        "name": "Sophie Ochoa"
      },
      {
        "id": 1,
        "name": "Avis Wolfe"
      },
      {
        "id": 2,
        "name": "Silvia Guy"
      }
    ],
    "greeting": "Hello, Spence Williams! You have 6 unread messages.",
    "favoriteFruit": "banana"
  },
  {
    "_id": "5e14a22c85c875d319ed3786",
    "index": 48,
    "guid": "ac0a99c0-3c4a-4a13-b94a-388221d39e69",
    "isActive": true,
    "balance": "$1,325.98",
    "picture": "http://placehold.it/32x32",
    "age": 24,
    "eyeColor": "brown",
    "name": "Maryann Mcmillan",
    "gender": "female",
    "company": "ZILCH",
    "email": "maryannmcmillan@zilch.com",
    "phone": "+1 (891) 522-3039",
    "address": "445 Borinquen Pl, Como, Maryland, 648",
    "about": "Ullamco excepteur sit irure ut amet. Aliqua pariatur exercitation id exercitation cupidatat cupidatat aliquip laborum ea tempor officia dolor incididunt officia. Ex laboris ut nostrud ullamco voluptate sint tempor ut. Irure non et ex ea. Ipsum est ea voluptate culpa elit nulla velit sunt velit enim anim proident do aliqua. Esse ex esse nostrud aliqua deserunt incididunt consequat ipsum excepteur ex et quis esse dolor.\r\n",
    "registered": "2019-10-29T02:43:08 +07:00",
    "latitude": -36.308955,
    "longitude": 98.039915,
    "tags": [
      "amet",
      "qui",
      "veniam",
      "aliquip",
      "ad",
      "mollit",
      "excepteur"
    ],
    "friends": [
      {
        "id": 0,
        "name": "Dorthy Anthony"
      },
      {
        "id": 1,
        "name": "Caitlin Simmons"
      },
      {
        "id": 2,
        "name": "Durham Rollins"
      }
    ],
    "greeting": "Hello, Maryann Mcmillan! You have 5 unread messages.",
    "favoriteFruit": "apple"
  },
  {
    "_id": "5e14a22c6649f5c501356ef8",
    "index": 49,
    "guid": "76915890-e062-4f1b-b8e5-ab68669cbb93",
    "isActive": true,
    "balance": "$3,002.87",
    "picture": "http://placehold.it/32x32",
    "age": 40,
    "eyeColor": "brown",
    "name": "Rosario Sosa",
    "gender": "male",
    "company": "PAPRIKUT",
    "email": "rosariososa@paprikut.com",
    "phone": "+1 (891) 461-3278",
    "address": "149 Cumberland Street, Deseret, Indiana, 2327",
    "about": "In aliquip ipsum commodo elit aliquip exercitation ut aliqua sunt deserunt in ad. Dolore velit sit cupidatat sit exercitation ipsum et culpa incididunt. Officia quis sint consequat occaecat deserunt quis. Ipsum cillum Lorem duis elit ex amet eu laboris magna est eu.\r\n",
    "registered": "2018-05-27T07:00:12 +07:00",
    "latitude": -41.551791,
    "longitude": 145.273242,
    "tags": [
      "id",
      "fugiat",
      "voluptate",
      "ipsum",
      "qui",
      "laborum",
      "non"
    ],
    "friends": [
      {
        "id": 0,
        "name": "Wolf Kirk"
      },
      {
        "id": 1,
        "name": "Holt Reid"
      },
      {
        "id": 2,
        "name": "Amparo Matthews"
      }
    ],
    "greeting": "Hello, Rosario Sosa! You have 10 unread messages.",
    "favoriteFruit": "banana"
  },
  {
    "_id": "5e14a22c3f40580cccc3d8f7",
    "index": 50,
    "guid": "50e9c125-1cbb-43ab-b084-39ce5479573a",
    "isActive": false,
    "balance": "$1,113.99",
    "picture": "http://placehold.it/32x32",
    "age": 20,
    "eyeColor": "blue",
    "name": "Keller Swanson",
    "gender": "male",
    "company": "CODAX",
    "email": "kellerswanson@codax.com",
    "phone": "+1 (944) 508-3437",
    "address": "118 Alton Place, Tuttle, Michigan, 2764",
    "about": "Nulla occaecat dolor do nulla labore sint exercitation amet. Deserunt aliquip tempor elit aliqua proident id non pariatur culpa elit aliquip minim laboris deserunt. Deserunt ea cupidatat velit magna duis est fugiat esse.\r\n",
    "registered": "2018-05-12T02:21:33 +07:00",
    "latitude": -55.965396,
    "longitude": -90.517369,
    "tags": [
      "id",
      "officia",
      "commodo",
      "eu",
      "velit",
      "sint",
      "laboris"
    ],
    "friends": [
      {
        "id": 0,
        "name": "Christian Fox"
      },
      {
        "id": 1,
        "name": "Melba Fisher"
      },
      {
        "id": 2,
        "name": "Mcbride Trujillo"
      }
    ],
    "greeting": "Hello, Keller Swanson! You have 3 unread messages.",
    "favoriteFruit": "banana"
  },
  {
    "_id": "5e14a22c10f06f69457433a6",
    "index": 51,
    "guid": "3af52429-7c2c-43b3-bfcc-c0c37e5ee566",
    "isActive": true,
    "balance": "$1,401.60",
    "picture": "http://placehold.it/32x32",
    "age": 22,
    "eyeColor": "brown",
    "name": "Bender Pena",
    "gender": "male",
    "company": "ZYTREX",
    "email": "benderpena@zytrex.com",
    "phone": "+1 (936) 475-2123",
    "address": "226 Dakota Place, Baden, Illinois, 6112",
    "about": "Aute dolor dolore est aliqua sunt reprehenderit consectetur. Laboris non laboris do esse ullamco consectetur labore elit. Eu laboris tempor consequat Lorem deserunt sit quis. Sunt magna nulla cupidatat officia. Tempor non adipisicing cupidatat deserunt non eu id velit amet laborum reprehenderit cupidatat esse. Excepteur commodo ullamco amet eu nostrud tempor et reprehenderit amet quis eiusmod eiusmod non.\r\n",
    "registered": "2014-01-11T05:42:28 +07:00",
    "latitude": -21.832954,
    "longitude": -141.383683,
    "tags": [
      "et",
      "irure",
      "non",
      "nulla",
      "qui",
      "enim",
      "eiusmod"
    ],
    "friends": [
      {
        "id": 0,
        "name": "Cornelia Floyd"
      },
      {
        "id": 1,
        "name": "Norma Marks"
      },
      {
        "id": 2,
        "name": "Oneil Chambers"
      }
    ],
    "greeting": "Hello, Bender Pena! You have 1 unread messages.",
    "favoriteFruit": "apple"
  },
  {
    "_id": "5e14a22c62403b15ebb4f7c5",
    "index": 52,
    "guid": "d5984cb0-acc7-4f37-9f66-ecc06afdd084",
    "isActive": false,
    "balance": "$1,219.72",
    "picture": "http://placehold.it/32x32",
    "age": 32,
    "eyeColor": "blue",
    "name": "Ferguson Ford",
    "gender": "male",
    "company": "PAWNAGRA",
    "email": "fergusonford@pawnagra.com",
    "phone": "+1 (903) 513-2716",
    "address": "259 Berriman Street, Cowiche, Wisconsin, 7175",
    "about": "Et minim voluptate voluptate velit commodo proident deserunt commodo et occaecat. Cillum aute adipisicing in amet eiusmod amet ex quis. Anim deserunt tempor amet ad veniam ea incididunt.\r\n",
    "registered": "2019-05-14T03:02:23 +07:00",
    "latitude": 17.402323,
    "longitude": 176.785131,
    "tags": [
      "enim",
      "fugiat",
      "ad",
      "et",
      "veniam",
      "eu",
      "labore"
    ],
    "friends": [
      {
        "id": 0,
        "name": "Lana Greer"
      },
      {
        "id": 1,
        "name": "Horne Graves"
      },
      {
        "id": 2,
        "name": "Flores Boone"
      }
    ],
    "greeting": "Hello, Ferguson Ford! You have 9 unread messages.",
    "favoriteFruit": "banana"
  },
  {
    "_id": "5e14a22ca0341ecebec266cf",
    "index": 53,
    "guid": "871cf7c3-b894-4792-8224-bb038066f155",
    "isActive": false,
    "balance": "$1,094.91",
    "picture": "http://placehold.it/32x32",
    "age": 39,
    "eyeColor": "brown",
    "name": "Skinner Beck",
    "gender": "male",
    "company": "PREMIANT",
    "email": "skinnerbeck@premiant.com",
    "phone": "+1 (872) 468-3663",
    "address": "759 Kensington Street, Gasquet, Iowa, 2851",
    "about": "Eu sit ut commodo fugiat ex sint ullamco ad aute commodo magna ex consequat. Lorem magna elit do sunt incididunt sint tempor consectetur elit sit tempor minim et. Ullamco minim Lorem elit est ipsum tempor incididunt elit do reprehenderit. Eu magna ex nostrud est ex. Nostrud deserunt amet enim elit et est excepteur laboris nisi incididunt minim. Ex aliquip incididunt laboris labore aliqua irure commodo est eu dolor pariatur. Enim veniam et ipsum mollit aliqua tempor dolor amet esse quis fugiat veniam.\r\n",
    "registered": "2018-03-26T08:57:55 +07:00",
    "latitude": 10.934729,
    "longitude": -142.910133,
    "tags": [
      "sit",
      "ut",
      "laborum",
      "eiusmod",
      "officia",
      "sint",
      "duis"
    ],
    "friends": [
      {
        "id": 0,
        "name": "Mollie Harris"
      },
      {
        "id": 1,
        "name": "Margie Duran"
      },
      {
        "id": 2,
        "name": "Fitzpatrick Hicks"
      }
    ],
    "greeting": "Hello, Skinner Beck! You have 3 unread messages.",
    "favoriteFruit": "banana"
  }
]